{
  "timestamp": "2025-03-30 15:35:29",
  "views": 3,
  "successes": 1,
  "comments_opened": 3,
  "avg_watch_time": 92.51693058922231,
  "proxy_fails": 0,
  "success_rate": 33.33333333333333
}